"user_id","prior_problem_count","prior_correct","prior_percent_correct","problem_count","Q3.correct","assistment_id","problem_id","problem_logs_id","Q3.hint_count","Q3.attempt_count","problem.set","prev.conf3","q1.correct","q2.correct","pc2"
"1",175658,1159,928,0.80069025,22,0,413989,658498,157446449,4,1,22,0.25,0,0,1856
"2",175669,1239,814,0.656981437,11,0,413989,658498,151379698,4,4,22,0.5,0,0,1628
"3",176151,1246,909,0.72953451,16,0,413989,658498,151140448,4,2,22,1,1,1,1818
"4",176165,1299,738,0.56812933,6,0,413989,658498,151482486,4,3,22,1,0,0,1476
"5",176461,753,376,0.499335989,11,1,413989,658498,151140546,0,1,22,0.25,0,0,752
"6",176486,772,445,0.57642487,10,0,413989,658498,151378968,4,7,22,0.75,0,0,890
"7",176494,1226,790,0.644371941,12,0,413989,658498,151379951,4,2,22,1,0,0,1580
"8",176613,1139,793,0.696224759,22,0,413989,658498,151140314,4,3,22,0.75,0,0,1586
"9",176630,1192,732,0.61409396,17,1,413989,658498,151141031,0,1,22,0.5,0,0,1464
"10",177719,606,283,0.4669967,20,0,413989,658498,151140468,4,2,22,0.75,0,0,566
"11",229141,399,299,0.749373434,8,0,413989,658498,153840467,0,2,22,1,0,0,598
"12",229152,395,314,0.794936709,8,1,413989,658498,153863104,0,1,22,1,1,1,628
"13",229153,400,329,0.8225,6,1,413989,658498,153840966,0,1,22,1,0,1,658
"14",229157,398,332,0.834170854,12,1,413989,658498,153930141,0,1,22,0.75,0,1,664
"15",229165,391,196,0.501278772,7,1,413989,658498,153848290,0,1,22,0.5,0,0,392
"16",229179,398,334,0.83919598,32,1,413989,658498,153839631,0,1,22,0.75,0,1,668
"17",229180,443,247,0.557562077,28,1,413989,658498,153840851,0,1,22,1,0,0,494
"18",229185,391,314,0.803069054,26,1,413989,658498,153847827,0,1,22,0.75,1,0,628
"19",229223,376,260,0.691489362,7,1,413989,658498,153668732,0,1,22,0.75,1,0,520
"20",229227,411,253,0.615571776,13,0,413989,658498,153924769,4,2,22,0.75,0,0,506
"21",229255,369,266,0.720867209,17,1,413989,658498,153788619,0,1,22,1,0,1,532
"22",229270,398,300,0.753768844,10,1,413989,658498,153860136,0,1,22,1,0,0,600
"23",229288,399,310,0.776942356,16,1,413989,658498,153855369,0,1,22,1,0,1,620
"24",229293,398,298,0.748743719,17,1,413989,658498,153672647,0,1,22,0.5,0,0,596
"25",229337,415,311,0.74939759,23,0,413989,658498,153861366,0,3,22,0.5,0,0,622
"26",229339,404,302,0.747524752,14,1,413989,658498,154098752,0,1,22,0.75,0,1,604
"27",229349,408,297,0.727941176,53,0,413989,658498,153840690,0,2,22,0.5,1,0,594
"28",229350,401,299,0.74563591,42,1,413989,658498,153862196,0,1,22,0.5,1,0,598
"29",229360,411,318,0.773722628,8,0,413989,658498,153855571,0,5,22,0.75,0,1,636
"30",229396,398,339,0.851758794,34,1,413989,658498,153786733,0,1,22,0.25,1,1,678
"31",229397,398,302,0.75879397,27,1,413989,658498,153850934,0,1,22,0.75,1,1,604
"32",229411,401,286,0.713216958,30,1,413989,658498,153681307,0,1,22,1,0,0,572
"33",229427,398,307,0.771356784,8,0,413989,658498,153854612,1,2,22,1,1,1,614
"34",229430,403,322,0.799007444,4,1,413989,658498,153733747,0,1,22,0.5,1,1,644
"35",229485,401,244,0.608478803,15,1,413989,658498,153858135,0,1,22,0.75,0,0,488
"36",229499,370,244,0.659459459,6,1,413989,658498,153857485,0,1,22,0.75,0,0,488
"37",231040,74,20,0.27027027,7,0,413989,658498,151480117,4,3,22,0.5,0,0,40
"38",231868,502,348,0.693227092,19,0,413989,658498,152734325,0,3,22,1,0,1,696
"39",232103,400,326,0.815,16,1,413989,658498,153842697,0,1,22,1,1,1,652
"40",232700,502,367,0.731075697,7,0,413989,658498,152585006,4,2,22,0.75,1,0,734
"41",233915,394,274,0.695431472,22,1,413989,658498,154089951,0,1,22,0.75,1,0,548
"42",235109,146,102.75,0.703767123,6,1,413989,658498,161244806,0,1,22,0.5,0,1,205.5
"43",235116,189,118,0.624338624,6,1,413989,658498,161245473,0,1,22,0.5,0,1,236
"44",235192,112,66,0.589285714,11,1,413989,658498,161508441,0,1,22,1,1,0,132
"45",235203,103,83,0.805825243,11,1,413989,658498,161242139,0,1,22,0.75,1,0,166
"46",235218,155,108.75,0.701612903,4,1,413989,658498,161215520,0,1,22,0.75,1,1,217.5
"47",235354,109,72,0.660550459,21,0,413989,658498,161251747,4,6,22,0.5,0,0,144
"48",235363,86,57,0.662790698,4,1,413989,658498,161235666,0,1,22,0.75,1,1,114
"49",235365,96,65,0.677083333,7,1,413989,658498,161462373,0,1,22,0.25,0,0,130
"50",235417,366,285,0.778688525,4,1,413989,658498,161293255,0,1,22,1,1,1,570
"51",235570,168,109.5,0.651785714,4,1,413989,658498,161221732,0,1,22,0.5,1,1,219
"52",235592,399,307,0.769423559,11,1,413989,658498,161244275,0,1,22,0.75,0,0,614
"53",235597,269,211,0.784386617,6,1,413989,658498,161235590,0,1,22,1,0,1,422
"54",235863,146,87.75,0.601027397,14,1,413989,658498,161276702,0,1,22,0.5,0,0,175.5
"55",235981,185,134,0.724324324,4,1,413989,658498,161294372,0,1,22,1,1,1,268
"56",236012,106,57.5,0.54245283,10,1,413989,658498,156984402,0,1,22,0.75,0,1,115
"57",236065,255,211,0.82745098,4,1,413989,658498,161235792,0,1,22,1,1,1,422
"58",236069,208,172,0.826923077,17,1,413989,658498,161215724,0,1,22,0.75,0,0,344
"59",236167,125,96.75,0.774,4,1,413989,658498,154943671,0,1,22,1,1,1,193.5
"60",236175,98,71,0.724489796,4,1,413989,658498,156963670,0,1,22,1,1,1,142
"61",236181,143,102,0.713286713,7,1,413989,658498,157040739,0,1,22,0.75,1,0,204
"62",236565,108,73,0.675925926,6,1,413989,658498,156923335,0,1,22,0.25,1,1,146
"63",236716,126,116,0.920634921,4,1,413989,658498,161253977,0,1,22,0,1,1,232
"64",236787,165,108,0.654545455,6,1,413989,658498,161293742,0,1,22,1,0,1,216
"65",236790,301,191,0.634551495,4,1,413989,658498,161220644,0,1,22,1,1,1,382
"66",239527,429,354,0.825174825,4,1,413989,658498,149942474,0,1,22,0.75,1,1,708
"67",240845,130,110,0.846153846,8,1,413989,658498,153396557,0,1,22,0.75,1,0,220
"68",240849,29,19,0.655172414,12,1,413989,658498,153396936,0,1,22,1,1,1,38
"69",240859,83,73,0.879518072,5,1,413989,658498,153213957,0,1,22,1,0,0,146
"70",240860,106,87,0.820754717,4,1,413989,658498,155050505,0,1,22,1,1,1,174
"71",241158,79,55,0.696202532,7,1,413989,658498,153500933,0,1,22,0.75,0,1,110
"72",242960,29,12.75,0.439655172,6,0,413989,658498,151915971,4,6,22,1,0,0,25.5
"73",242962,29,21.25,0.732758621,7,0,413989,658498,152109971,3,3,22,1,0,0,42.5
"74",242965,29,27.5,0.948275862,14,1,413989,658498,151310759,0,1,22,0,1,0,55
"75",243378,0,0,0,10,0,413989,658498,153067539,4,2,22,0,0,1,0
"76",243393,0,0,0,11,1,413989,658498,153068864,0,1,22,0.75,1,0,0
"77",243395,0,0,0,19,0,413989,658498,155515027,4,3,22,0.5,0,0,0
"78",243396,0,0,0,8,0,413989,658498,153067425,0,3,22,1,1,1,0
"79",247298,18,11,0.611111111,4,0,413989,658498,152295703,0,1,22,1,1,0,22
"80",247302,12,10,0.833333333,13,1,413925,658434,151707129,0,1,22,0.5,1,1,20
"81",247307,41,16,0.390243902,13,0,413925,658434,150523982,5,2,22,0.5,0,1,32
"82",247317,9,5,0.555555556,9,0,413925,658434,150523984,5,2,22,0.5,0,1,10
"83",248265,77,67,0.87012987,4,1,413989,658498,155160112,0,1,22,0.75,1,1,134
"84",249899,92,63,0.684782609,4,0,413989,658498,160144613,0,2,22,0.5,1,1,126
"85",251070,6,5,0.833333333,6,1,413989,658498,149849509,0,1,22,1,1,1,10
"86",251071,4,4,1,4,1,413989,658498,149849470,0,1,22,1,1,1,8
"87",251089,6,5,0.833333333,10,1,413989,658498,151153889,0,1,22,0.5,0,0,10
"88",251092,1,1,1,21,1,413989,658498,149849821,0,1,22,1,1,0,2
"89",252281,2,1,0.5,13,1,413989,658498,150333652,0,1,22,1,0,1,2
"90",252284,0,0,0,8,0,413989,658498,150964897,4,1,22,0.75,0,0,0
"91",253517,6,5,0.833333333,16,1,413989,658498,149851609,0,1,22,1,0,0,10
"92",257289,20,20,1,4,1,413989,658498,156988711,0,1,22,1,1,1,40
"93",259735,0,0,0,23,0,413989,658498,153016990,4,2,22,0.5,0,0,0
"94",260045,0,0,0,11,1,413989,658498,153267560,0,1,22,0.25,1,0,0
"95",260046,0,0,0,5,1,413989,658498,155491876,0,1,22,0.5,0,0,0
"96",260049,0,0,0,13,0,413989,658498,153268269,0,3,22,0.75,0,1,0
"97",260051,0,0,0,8,0,413989,658498,153066139,0,2,22,1,1,1,0
"98",260052,0,0,0,8,0,413989,658498,155803887,0,2,22,0.5,0,0,0
"99",260053,0,0,0,7,1,413989,658498,153066462,0,1,22,1,0,0,0
"100",260055,0,0,0,20,0,413989,658498,153267496,4,2,22,0.75,0,0,0
"101",260058,0,0,0,11,0,413989,658498,153067448,4,8,22,0.75,0,1,0
"102",260174,0,0,0,11,1,413989,658498,153267947,0,1,22,0.5,0,0,0
"103",262288,0,0,0,20,0,413989,658498,153697536,0,4,22,0.75,0,0,0
"104",275626,0,0,0,6,1,413989,658498,161256787,0,1,22,1,0,1,0
"105",275643,0,0,0,4,1,413989,658498,161135496,0,1,22,0.75,1,1,0
"106",275838,0,0,0,4,1,413989,658498,160863021,0,1,22,0.75,1,1,0
"107",276266,0,0,0,6,1,413989,658498,160837175,0,1,22,1,0,1,0
"108",276606,0,0,0,4,1,413989,658498,160856935,0,1,22,1,1,1,0
"109",276683,0,0,0,4,1,413989,658498,160855645,0,1,22,1,1,1,0
"110",277876,0,0,0,14,1,413989,658498,161042736,0,1,22,0.75,0,1,0
"111",278072,0,0,0,10,0,413989,658498,159971087,0,2,22,0.75,0,1,0
"112",278075,0,0,0,11,1,413989,658498,159992118,0,1,22,0.5,0,0,0
"113",278076,0,0,0,18,1,413989,658498,160001155,0,1,22,1,1,1,0
"114",278080,0,0,0,4,1,413989,658498,159967355,0,1,22,0.75,1,1,0
"115",278081,0,0,0,7,1,413989,658498,160120550,0,1,22,0.75,0,0,0
"116",278082,0,0,0,4,1,413989,658498,159970903,0,1,22,0.75,1,1,0
"117",278083,0,0,0,17,0,413989,658498,159969245,0,2,22,1,0,1,0
"118",278110,0,0,0,11,0,413989,658498,159990486,2,5,22,0.75,0,0,0
"119",278158,0,0,0,8,0,413989,658498,160053234,0,2,22,1,0,1,0
"120",278194,0,0,0,4,1,413989,658498,159975392,0,1,22,1,1,1,0
"121",278201,0,0,0,4,1,413989,658498,159979681,0,1,22,1,1,1,0
"122",278481,0,0,0,4,1,413989,658498,159993314,0,1,22,0.75,1,1,0
"123",278491,0,0,0,6,1,413989,658498,160120747,0,1,22,0.25,0,1,0
"124",278496,0,0,0,7,1,413989,658498,159926056,0,1,22,0.5,1,0,0
"125",279535,0,0,0,14,0,413989,658498,159948914,1,2,22,0.75,0,0,0
"126",279537,0,0,0,18,0,413989,658498,159948264,1,4,22,0.75,0,0,0
"127",279543,0,0,0,22,0,413989,658498,159947836,0,4,22,1,1,1,0
"128",279546,0,0,0,6,1,413989,658498,159950028,0,1,22,1,0,1,0
"129",279547,0,0,0,7,1,413989,658498,159985831,0,1,22,0.75,0,0,0
"130",279548,0,0,0,4,1,413989,658498,159977656,0,1,22,0.5,1,1,0
"131",279549,0,0,0,12,1,413989,658498,159976889,0,1,22,0.5,0,1,0
"132",279577,0,0,0,7,1,413989,658498,160062467,0,1,22,0.75,0,0,0
"133",284252,0,0,0,7,1,413989,658498,159987256,0,1,22,0.5,0,0,0
"134",284735,0,0,0,7,1,413989,658498,158183710,0,1,22,0.25,1,0,0
"135",284737,0,0,0,6,1,413989,658498,158179309,0,1,22,0.75,0,1,0
"136",284741,0,0,0,6,1,413989,658498,158179545,0,1,22,0.75,1,0,0
"137",284765,0,0,0,6,0,413989,658498,158179004,0,6,22,0.5,0,1,0
"138",284766,0,0,0,6,1,413989,658498,158179502,0,1,22,0.5,1,0,0
"139",289837,0,0,0,4,0,413989,658498,161295326,0,0,22,0.5,0,0,0
"140",289919,0,0,0,4,1,413989,658498,161286078,0,1,22,0.5,1,1,0
"141",291097,0,0,0,4,1,413989,658498,161215838,0,1,22,0.75,1,1,0
"142",293368,0,0,0,7,0,413989,658498,159550180,0,4,22,1,1,0,0
"143",293382,0,0,0,4,1,413989,658498,159550073,0,1,22,1,1,1,0
"144",293384,0,0,0,9,0,413989,658498,159548937,0,2,22,0.75,0,0,0
"145",293495,0,0,0,7,1,413989,658498,159563661,0,1,22,1,0,0,0
"146",293509,0,0,0,4,1,413989,658498,159564153,0,1,22,1,1,1,0
"147",293510,0,0,0,4,1,413989,658498,159563673,0,1,22,0.75,1,1,0
"148",293664,0,0,0,4,1,413989,658498,159611581,0,1,22,0.75,1,1,0
"149",293711,0,0,0,6,1,413989,658498,159591468,0,1,22,1,1,0,0
"150",294066,0,0,0,7,1,413989,658498,159580149,0,1,22,0.75,0,1,0
"151",294445,0,0,0,4,1,413989,658498,159332120,0,1,22,0.25,1,1,0
"152",118403,4737,2949.75,0.622704243,6,1,413884,658393,151517368,0,1,24,0.25,0,1,5899.5
"153",118461,4526,3631,0.802253646,24,0,413884,658393,151229071,5,2,24,0.5,1,1,7262
"154",118558,3397,2402,0.707094495,4,0,413884,658393,151565014,0,2,24,0.5,0,0,4804
"155",118633,4694,2779.25,0.592085641,33,1,413884,658393,151272182,0,1,24,0.5,0,1,5558.5
"156",118643,2909,1687,0.579924373,8,0,413884,658393,151435721,0,2,24,0.5,0,1,3374
"157",118645,4507,2524,0.56001775,33,1,413884,658393,151331964,0,1,24,0.25,0,0,5048
"158",118646,4476,2922.25,0.652870867,5,0,413884,658393,151559635,5,6,24,0.75,0,1,5844.5
"159",118647,4295,2641.5,0.615017462,8,0,413884,658393,151462894,5,2,24,0.25,0,1,5283
"160",118666,4593,3051.75,0.66443501,4,1,413884,658393,151217960,0,1,24,0.5,1,1,6103.5
"161",118730,4527,2898,0.640159046,9,1,413884,658393,151517818,0,1,24,1,0,1,5796
"162",118779,4431,3458,0.780410742,21,1,413884,658393,151169900,0,1,24,0.5,0,1,6916
"163",123923,2467,1561,0.632752331,12,1,413884,658393,152193720,0,1,24,0,1,1,3122
"164",123927,4255,3100,0.728554642,18,1,413884,658393,151490561,0,1,24,0.75,0,1,6200
"165",123936,4608,2596,0.563368056,15,0,413884,658393,154534466,0,2,24,1,0,1,5192
"166",123977,4089,2641,0.645879188,29,0,413884,658393,151310508,5,4,24,0.25,0,1,5282
"167",124088,4058,2809,0.692212913,22,1,413884,658393,151522362,0,1,24,0.75,0,1,5618
"168",124223,3418,2140,0.626097133,20,0,413884,658393,151464501,4,2,24,0.5,1,1,4280
"169",124224,4397,3193,0.726176939,31,0,413884,658393,151102139,0,2,24,0,0,0,6386
"170",124325,4622,2706,0.585460839,6,1,413884,658393,151126376,0,1,24,0.75,0,0,5412
"171",124326,4723,3123,0.661232268,14,1,413884,658393,151099791,0,1,24,0.75,1,1,6246
"172",124357,4125,2390,0.579393939,7,1,413884,658393,151704091,0,1,24,0.25,1,1,4780
"173",128251,1409,772,0.547906317,4,0,413884,658393,151545967,0,0,24,0,0,1,1544
"174",168224,3012,2050,0.68061089,10,1,413884,658393,151544336,0,1,24,0.5,0,0,4100
"175",173138,2788,1509,0.541248207,12,1,413884,658393,153397814,0,1,24,0.25,1,1,3018
"176",226727,859,422.25,0.491559953,15,0,413884,658393,152462407,5,3,24,0.5,0,1,844.5
"177",226940,2125,421,0.198117647,88,0,413884,658393,152232772,5,3,24,0,0,0,842
"178",227994,174,104,0.597701149,6,1,413884,658393,151512255,0,1,24,0.75,0,1,208
"179",227997,143,102.25,0.715034965,15,1,413884,658393,149911210,0,1,24,0.75,1,1,204.5
"180",227998,223,113,0.506726457,50,1,413884,658393,149911328,0,1,24,0.75,1,1,226
"181",228000,217,154.25,0.710829493,10,1,413884,658393,151502546,0,1,24,0.75,1,1,308.5
"182",228063,240,177.75,0.740625,28,1,413884,658393,155518322,0,1,24,1,1,1,355.5
"183",228068,233,187,0.802575107,14,1,413884,658393,150166610,0,1,24,1,0,1,374
"184",228073,239,148,0.619246862,10,1,413884,658393,150016357,0,1,24,1,0,1,296
"185",228078,211,158.75,0.752369668,26,1,413884,658393,149949890,0,1,24,1,0,1,317.5
"186",228079,270,172.75,0.639814815,7,1,413884,658393,149862225,0,1,24,0.75,1,0,345.5
"187",228081,223,159,0.713004484,12,0,413884,658393,153331541,5,2,24,0.75,1,1,318
"188",228083,234,178.75,0.763888889,6,1,413884,658393,150172179,0,1,24,1,0,1,357.5
"189",228085,239,182.75,0.764644351,54,1,413884,658393,149972676,0,1,24,1,1,1,365.5
"190",228086,265,210.5,0.794339623,41,1,413884,658393,149963531,0,1,24,1,1,1,421
"191",228096,205,184,0.897560976,8,1,413884,658393,149949874,0,1,24,0.75,1,1,368
"192",228098,221,181,0.819004525,10,1,413884,658393,152024506,0,1,24,0.5,1,0,362
"193",228101,214,168,0.785046729,10,0,413884,658393,151931706,5,2,24,1,0,0,336
"194",228103,199,177,0.889447236,6,1,413884,658393,150163473,0,1,24,1,0,1,354
"195",228109,233,180.5,0.774678112,15,1,413884,658393,151116075,0,1,24,0.75,0,1,361
"196",228112,225,169.25,0.752222222,44,0,413884,658393,151517498,5,2,24,0.75,0,0,338.5
"197",228115,189,148,0.783068783,34,0,413884,658393,149876364,4,2,24,0.75,0,1,296
"198",228116,210,170,0.80952381,22,1,413884,658393,149878944,0,1,24,1,1,0,340
"199",229173,322,277,0.860248447,4,1,413884,658393,150419590,0,1,24,0.75,1,1,554
"200",229174,310,151,0.487096774,4,0,413884,658393,150432167,0,1,24,0.5,0,0,302
"201",229178,324,284,0.87654321,8,0,413884,658393,150423339,0,2,24,1,1,1,568
"202",229208,329,241,0.732522796,4,0,413884,658393,150427014,0,2,24,0.75,0,0,482
"203",229211,307,222,0.723127036,8,0,413884,658393,150419566,3,3,24,1,1,1,444
"204",229249,309,262,0.84789644,8,0,413884,658393,150412724,0,3,24,1,1,0,524
"205",229278,330,249,0.754545455,14,0,413884,658393,150413736,3,7,24,0.5,0,1,498
"206",229295,307,233,0.758957655,4,1,413884,658393,150432293,0,1,24,0.75,1,1,466
"207",229306,311,282,0.906752412,4,1,413884,658393,150423713,0,1,24,1,1,1,564
"208",229309,327,288,0.880733945,4,1,413884,658393,150420580,0,1,24,1,1,1,576
"209",229315,320,267,0.834375,4,1,413884,658393,150424357,0,1,24,1,1,1,534
"210",229317,308,254,0.824675325,4,1,413884,658393,150418747,0,1,24,1,1,1,508
"211",229343,280,217,0.775,8,0,413884,658393,150421684,0,2,24,0.75,0,0,434
"212",229345,322,234,0.726708075,10,0,413884,658393,150421796,5,6,24,0.25,0,1,468
"213",229354,322,222,0.689440994,4,1,413884,658393,150431410,0,1,24,0.75,1,1,444
"214",229377,309,242,0.783171521,4,1,413884,658393,150407947,0,1,24,0.5,1,1,484
"215",229382,330,195,0.590909091,11,1,413884,658393,150483897,0,1,24,1,0,0,390
"216",229390,323,288,0.891640867,4,1,413884,658393,150412320,0,1,24,1,1,1,576
"217",229398,306,238,0.777777778,4,1,413884,658393,150417223,0,1,24,0.75,1,1,476
"218",229402,321,257,0.800623053,11,1,413884,658393,150428491,0,1,24,0.75,0,0,514
"219",229410,303,220,0.726072607,6,1,413884,658393,150425734,0,1,24,0.5,0,1,440
"220",229437,285,239,0.838596491,7,1,413884,658393,150417770,0,1,24,1,1,0,478
"221",229448,317,254,0.80126183,4,1,413884,658393,150415823,0,1,24,0.5,1,1,508
"222",229467,324,299,0.922839506,4,1,413884,658393,150412185,0,1,24,1,1,1,598
"223",229468,335,285,0.850746269,7,1,413884,658393,150426353,0,1,24,0.75,1,0,570
"224",229478,325,257,0.790769231,10,0,413884,658393,150426399,0,3,24,0.75,0,1,514
"225",229481,299,247,0.826086957,7,1,413884,658393,150425799,0,1,24,1,1,0,494
"226",229507,304,203,0.667763158,8,0,413884,658393,150427487,0,2,24,1,1,1,406
"227",229609,281,174,0.619217082,16,0,413884,658393,150435831,5,5,24,0.5,0,1,348
"228",229727,309,191,0.618122977,48,1,413884,658393,151179972,0,1,24,0.75,1,0,382
"229",229730,403,258.5,0.641439206,12,1,413884,658393,151213267,0,1,24,0.5,1,1,517
"230",229731,352,265,0.752840909,30,1,413884,658393,151102247,0,1,24,1,1,1,530
"231",229733,345,219,0.634782609,29,0,413884,658393,151101421,5,2,24,0.5,0,1,438
"232",229739,330,227.5,0.689393939,20,1,413884,658393,151180144,0,1,24,0.75,0,1,455
"233",229742,371,277,0.746630728,8,0,413884,658393,151122011,0,2,24,0.75,1,0,554
"234",229745,303,224.25,0.74009901,22,1,413884,658393,151179073,0,1,24,0.5,0,0,448.5
"235",229747,314,230.75,0.734872611,7,1,413884,658393,151165300,0,1,24,0.75,0,1,461.5
"236",229844,349,256,0.733524355,29,0,413884,658393,151159116,5,2,24,0.75,1,1,512
"237",229846,343,265,0.772594752,11,1,413884,658393,151161790,0,1,24,1,1,0,530
"238",229847,315,270,0.857142857,32,1,413884,658393,151105954,0,1,24,1,1,0,540
"239",229848,325,255,0.784615385,4,1,413884,658393,151103070,0,1,24,0.75,1,1,510
"240",229852,334,268,0.80239521,4,1,413884,658393,151107492,0,1,24,1,1,1,536
"241",229853,302,258,0.854304636,8,1,413884,658393,151158300,0,1,24,0.75,1,1,516
"242",229856,398,260,0.653266332,33,1,413884,658393,151210824,0,1,24,0.5,0,0,520
"243",229858,351,278,0.792022792,20,1,413884,658393,151102398,0,1,24,1,1,1,556
"244",229860,331,258.25,0.78021148,27,1,413884,658393,151158549,0,1,24,1,0,1,516.5
"245",229861,312,212,0.679487179,25,1,413884,658393,151160925,0,1,24,0.5,0,1,424
"246",229862,332,249,0.75,11,1,413884,658393,151105437,0,1,24,0.75,1,0,498
"247",229865,313,170.5,0.544728435,25,0,413884,658393,151163079,5,5,24,0.75,0,0,341
"248",229903,327,268,0.819571865,10,1,413884,658393,151110416,0,1,24,1,0,1,536
"249",230593,240,150,0.625,17,1,413884,658393,152307060,0,1,24,1,1,1,300
"250",230597,167,141,0.844311377,6,1,413884,658393,152585817,0,1,24,0.75,0,1,282
"251",231607,243,159,0.654320988,12,0,413884,658393,160568575,0,3,24,0.75,1,1,318
"252",231681,194,162.5,0.837628866,24,1,413884,658393,156597159,0,1,24,1,1,1,325
"253",231682,329,188,0.571428571,6,1,413884,658393,160854910,0,1,24,1,0,0,376
"254",231690,524,386,0.736641221,8,0,413884,658393,160508494,0,2,24,0.25,1,0,772
"255",231791,619,401,0.647819063,12,1,413884,658393,160855282,0,1,24,0.5,1,0,802
"256",231799,510,330,0.647058824,4,1,413884,658393,160487843,0,1,24,0.75,1,1,660
"257",231811,574,408,0.710801394,30,1,413884,658393,150443443,0,1,24,1,1,1,816
"258",231814,528,367,0.695075758,12,0,413884,658393,160505585,0,3,24,0.5,1,1,734
"259",232692,449,244,0.543429844,6,1,413884,658393,160854992,0,1,24,0.5,1,0,488
"260",232771,213,177,0.830985915,4,0,413884,658393,152169672,0,1,24,1,1,1,354
"261",233448,534,342,0.640449438,4,1,413884,658393,160089886,0,1,24,0.75,1,1,684
"262",234994,121,79,0.652892562,8,0,413884,658393,150743269,5,2,24,0.5,0,0,158
"263",235942,118,86,0.728813559,8,1,413884,658393,150667627,0,1,24,1,1,0,172
"264",237431,505,363,0.718811881,20,0,413884,658393,158858747,0,2,24,0.75,1,1,726
"265",237440,504,325,0.64484127,21,0,413884,658393,159798264,2,2,24,0.5,1,1,650
"266",237443,479,345,0.720250522,4,1,413884,658393,159057971,0,1,24,1,1,1,690
"267",242305,145,100,0.689655172,6,0,413884,658393,151767817,5,3,24,0.25,1,1,200
"268",242717,138,107,0.775362319,4,0,413884,658393,151837030,0,0,24,1,1,0,214
"269",243105,269,126,0.468401487,6,1,413884,658393,150755996,0,1,24,0.75,1,1,252
"270",243150,209,109,0.5215311,9,0,413884,658393,150755925,5,2,24,1,1,1,218
"271",243154,283,140,0.494699647,43,1,413884,658393,150779383,0,1,24,0.25,0,0,280
"272",244041,47,31,0.659574468,10,0,413884,658393,150031458,4,4,24,0.5,0,0,62
"273",244048,35,30,0.857142857,6,0,413884,658393,150039681,4,2,24,0,0,1,60
"274",244150,166,98,0.590361446,4,0,413884,658393,150754587,0,0,24,1,0,0,196
"275",244213,39,29,0.743589744,14,1,413884,658393,150092223,0,1,24,0.75,0,1,58
"276",244219,29,23,0.793103448,4,1,413884,658393,150100493,0,1,24,1,1,1,46
"277",244242,45,12,0.266666667,4,0,413884,658393,150756692,0,0,24,0.5,0,0,24
"278",245055,145,107,0.737931034,22,1,413884,658393,152581812,0,1,24,0.75,0,1,214
"279",245092,3,3,1,4,1,413884,658393,153926289,0,1,24,1,1,1,6
"280",245095,3,3,1,4,1,413884,658393,153881140,0,1,24,0.5,1,1,6
"281",245096,3,3,1,4,1,413884,658393,153932856,0,1,24,0.75,1,1,6
"282",245098,3,3,1,20,0,413884,658393,153982558,3,4,24,0.5,1,1,6
"283",245104,3,3,1,6,1,413884,658393,153862462,0,1,24,0.75,1,1,6
"284",245111,3,3,1,4,1,413884,658393,153920658,0,1,24,0.75,1,1,6
"285",245112,3,3,1,4,1,413884,658393,153798711,0,1,24,1,1,1,6
"286",245113,3,3,1,8,1,413884,658393,154004279,0,1,24,0.5,0,0,6
"287",245149,3,3,1,4,1,413884,658393,153940768,0,1,24,0.5,1,1,6
"288",245150,6,6,1,4,1,413884,658393,153812382,0,1,24,1,1,1,12
"289",245151,3,3,1,6,1,413884,658393,155183247,0,1,24,0.75,0,1,6
"290",245153,5,5,1,4,1,413884,658393,155412604,0,1,24,0.25,1,1,10
"291",245157,3,3,1,4,1,413884,658393,153687138,0,1,24,1,1,1,6
"292",245158,3,3,1,14,1,413884,658393,154098257,0,1,24,1,0,0,6
"293",245160,3,3,1,4,1,413884,658393,153937065,0,1,24,0.75,1,1,6
"294",245161,3,3,1,4,1,413884,658393,153989332,0,1,24,0.75,1,1,6
"295",245162,25,25,1,8,0,413884,658393,153743257,0,3,24,1,1,1,50
"296",245167,3,3,1,7,1,413884,658393,154000272,0,1,24,0.75,0,1,6
"297",245169,3,3,1,6,1,413884,658393,153810927,0,1,24,0.5,1,1,6
"298",245170,3,3,1,6,1,413884,658393,153900301,0,1,24,1,0,1,6
"299",245252,3,3,1,4,1,413884,658393,153910415,0,1,24,1,1,1,6
"300",245254,3,3,1,10,1,413884,658393,154011839,0,1,24,0.25,1,0,6
"301",245255,3,3,1,4,1,413884,658393,153839881,0,1,24,1,1,1,6
"302",245257,3,3,1,4,1,413884,658393,156164384,0,1,24,0.75,1,1,6
"303",245258,3,3,1,5,1,413884,658393,155798557,0,1,24,1,1,1,6
"304",245259,3,3,1,6,1,413884,658393,153697672,0,1,24,1,0,1,6
"305",245262,3,3,1,4,1,413884,658393,153913368,0,1,24,0.5,1,1,6
"306",245272,3,3,1,7,1,413884,658393,153837644,0,1,24,0.75,0,1,6
"307",245277,3,3,1,21,1,413884,658393,153945028,0,1,24,0.75,0,1,6
"308",245282,3,3,1,4,1,413884,658393,153744024,0,1,24,1,1,1,6
"309",245289,3,3,1,14,1,413884,658393,156168967,0,1,24,0.75,0,1,6
"310",245290,5,4,0.8,13,0,413884,658393,156226855,5,2,24,1,0,0,8
"311",245291,3,3,1,7,0,413884,658393,153840122,5,2,24,1,0,0,6
"312",245294,3,3,1,15,1,413884,658393,153753265,0,1,24,1,0,0,6
"313",245299,3,3,1,4,1,413884,658393,153831723,0,1,24,1,1,1,6
"314",245302,3,3,1,14,1,413884,658393,153873340,0,1,24,0.75,0,1,6
"315",245304,3,3,1,6,1,413884,658393,153877716,0,1,24,0.75,0,1,6
"316",245306,3,3,1,4,1,413884,658393,153877361,0,1,24,1,1,1,6
"317",245326,3,3,1,10,1,413884,658393,155762858,0,1,24,1,0,1,6
"318",245328,3,3,1,6,1,413884,658393,153872363,0,1,24,1,1,1,6
"319",245347,3,3,1,6,1,413884,658393,156192473,0,1,24,0.5,0,1,6
"320",245348,3,3,1,4,1,413884,658393,153682184,0,1,24,1,1,1,6
"321",245350,3,3,1,4,1,413884,658393,154001760,0,1,24,0.75,1,1,6
"322",245351,3,3,1,4,1,413884,658393,153851550,0,1,24,1,1,1,6
"323",245356,3,3,1,8,0,413884,658393,153669398,5,2,24,0.75,0,1,6
"324",245371,3,3,1,4,1,413884,658393,153936803,0,1,24,0.75,1,1,6
"325",245614,166,122,0.734939759,16,0,413884,658393,153108870,0,2,24,1,0,0,244
"326",245698,175,114,0.651428571,19,0,413884,658393,153881972,5,3,24,0.5,1,0,228
"327",245710,239,206,0.861924686,30,1,413884,658393,150305715,0,1,24,1,0,1,412
"328",245972,190,126,0.663157895,8,0,413884,658393,154286617,5,2,24,1,0,1,252
"329",249020,43,23,0.534883721,4,0,413884,658393,151367687,1,2,24,0.75,0,1,46
"330",249021,34,19,0.558823529,7,1,413884,658393,151367492,0,1,24,0.5,0,1,38
"331",249022,69,36,0.52173913,6,1,413884,658393,151533130,0,1,24,0.75,0,0,72
"332",249029,35,20,0.571428571,6,1,413884,658393,151367670,0,1,24,1,1,1,40
"333",249030,31,20,0.64516129,13,1,413884,658393,151075250,0,1,24,0.5,1,0,40
"334",249035,20,17,0.85,6,0,413884,658393,151367542,0,4,24,0.75,1,1,34
"335",251734,67,53,0.791044776,4,1,413884,658393,150164259,0,1,24,0.25,1,1,106
"336",251739,91,63,0.692307692,4,0,413884,658393,150105488,0,0,24,0.5,0,0,126
"337",251740,163,82,0.503067485,4,0,413884,658393,150657983,0,0,24,0.5,0,0,164
"338",252228,0,0,0,17,1,413884,658393,153253950,0,1,24,0.5,0,1,0
"339",252270,14,13,0.928571429,11,1,413884,658393,152563593,0,1,24,0.75,0,1,26
"340",252801,9,8,0.888888889,6,0,413884,658393,152216225,0,4,24,1,0,1,16
"341",252827,6,6,1,4,1,413884,658393,152397428,0,1,24,1,1,1,12
"342",252832,4,4,1,26,0,413884,658393,152026913,5,2,24,0.5,0,1,8
"343",252837,7,6,0.857142857,32,1,413884,658393,153464266,0,1,24,0.5,0,0,12
"344",253276,0,0,0,4,1,413884,658393,149822981,0,1,24,1,1,1,0
"345",253290,0,0,0,6,1,413884,658393,151421357,0,1,24,1,1,1,0
"346",253362,0,0,0,8,1,413884,658393,149785251,0,1,24,1,1,1,0
"347",253371,0,0,0,20,1,413884,658393,151614743,0,1,24,1,0,1,0
"348",253382,0,0,0,44,1,413884,658393,150584038,0,1,24,0.75,1,1,0
"349",254777,0,0,0,25,1,413884,658393,160922159,0,1,24,1,0,1,0
"350",256610,0,0,0,4,1,413884,658393,152423903,0,1,24,0.75,1,1,0
"351",258431,124,88,0.709677419,15,1,413884,658393,152558154,0,1,24,1,0,1,176
"352",261585,40,30,0.75,4,1,413884,658393,159118293,0,1,24,0.75,1,1,60
"353",262477,3,3,1,4,1,413884,658393,153995677,0,1,24,1,1,1,6
"354",267877,0,0,0,6,1,413884,658393,156347473,0,1,24,1,0,1,0
"355",271213,0,0,0,12,0,413884,658393,157296713,5,1,24,0.75,1,0,0
"356",271216,0,0,0,13,0,413884,658393,157160620,0,2,24,0.5,0,1,0
"357",271221,0,0,0,6,1,413884,658393,157328417,0,1,24,0.75,1,1,0
"358",271224,0,0,0,6,1,413884,658393,157285882,0,1,24,1,0,1,0
"359",271229,0,0,0,17,1,413884,658393,157295191,0,1,24,0.5,0,0,0
"360",271243,0,0,0,4,1,413884,658393,157606615,0,1,24,1,1,1,0
"361",271267,0,0,0,10,0,413884,658393,157265362,5,4,24,0.75,0,0,0
"362",271268,0,0,0,10,0,413884,658393,156887501,0,2,24,1,1,1,0
"363",271270,0,0,0,4,1,413884,658393,156863413,0,1,24,1,1,1,0
"364",271277,0,0,0,12,0,413884,658393,157162979,5,2,24,1,1,1,0
"365",271295,0,0,0,7,1,413884,658393,157402116,0,1,24,0.5,0,0,0
"366",272005,0,0,0,4,0,413884,658393,157309637,5,2,24,1,1,1,0
"367",272006,0,0,0,4,1,413884,658393,157090891,0,1,24,1,1,1,0
"368",272014,0,0,0,4,1,413884,658393,157088964,0,1,24,0.5,1,1,0
"369",272018,0,0,0,4,1,413884,658393,157559691,0,1,24,1,1,1,0
"370",272054,0,0,0,4,1,413884,658393,157265131,0,1,24,0.75,1,1,0
"371",272062,0,0,0,5,0,413884,658393,157335116,5,1,24,0.5,0,0,0
"372",272096,0,0,0,6,1,413884,658393,157285582,0,1,24,0.75,0,1,0
"373",272169,0,0,0,21,0,413884,658393,157488305,0,2,24,0.75,0,1,0
"374",282655,0,0,0,6,1,413884,658393,161232724,0,1,24,1,0,0,0
"375",284595,0,0,0,11,0,413884,658393,160924053,0,2,24,0.75,1,0,0
"376",287085,0,0,0,15,1,413884,658393,160470839,0,1,24,0.75,0,1,0
"377",287089,0,0,0,6,0,413884,658393,160473766,2,4,24,0.25,0,1,0
"378",287091,0,0,0,4,1,413884,658393,160134030,0,1,24,0.75,1,1,0
"379",287108,0,0,0,4,1,413884,658393,160137939,0,1,24,0.75,1,1,0
"380",287114,0,0,0,4,1,413884,658393,160147040,0,1,24,0.75,1,1,0
"381",287336,0,0,0,4,1,413884,658393,159998935,0,1,24,0.75,1,1,0
"382",287341,0,0,0,10,1,413884,658393,160049789,0,1,24,0.75,1,1,0
"383",287344,0,0,0,8,0,413884,658393,160473284,0,2,24,0.5,0,1,0
"384",295521,0,0,0,4,0,413884,658393,161336069,0,1,24,0.5,1,1,0
"385",297834,0,0,0,7,1,413884,658393,160989320,0,1,24,0.75,1,0,0
"386",297835,0,0,0,6,1,413884,658393,160839804,0,1,24,0.75,0,1,0
"387",297836,0,0,0,4,1,413884,658393,160838266,0,1,24,0.75,1,1,0
"388",297837,0,0,0,15,1,413884,658393,161058570,0,1,24,1,0,1,0
"389",297839,0,0,0,4,1,413884,658393,161143802,0,1,24,0.75,1,1,0
"390",297844,0,0,0,6,1,413884,658393,161415468,0,1,24,1,0,1,0
"391",297847,0,0,0,8,0,413884,658393,161053740,4,3,24,0.75,1,1,0
"392",297851,0,0,0,6,1,413884,658393,161120905,0,1,24,0.75,0,1,0
"393",297852,0,0,0,4,1,413884,658393,161042488,0,1,24,1,1,1,0
"394",297854,0,0,0,4,1,413884,658393,160765636,0,1,24,1,1,1,0
"395",297967,0,0,0,4,1,413884,658393,160763726,0,1,24,1,1,1,0
"396",297972,0,0,0,6,1,413884,658393,161021551,0,1,24,0.75,0,1,0
"397",297973,0,0,0,4,1,413884,658393,160924443,0,1,24,0.5,1,1,0
"398",297974,0,0,0,29,1,413884,658393,161064567,0,1,24,0.75,0,1,0
"399",297977,0,0,0,6,1,413884,658393,160991359,0,1,24,1,0,1,0
"400",297978,0,0,0,4,1,413884,658393,160855453,0,1,24,0.75,1,1,0
"401",297980,0,0,0,4,1,413884,658393,160762899,0,1,24,0.75,1,1,0
"402",297986,0,0,0,26,1,413884,658393,160919210,0,1,24,1,0,1,0
"403",297987,0,0,0,11,1,413884,658393,160985623,0,1,24,1,0,1,0
"404",297993,0,0,0,4,1,413884,658393,161049441,0,1,24,1,1,1,0
"405",298204,0,0,0,6,1,413884,658393,161169623,0,1,24,0.5,0,1,0
"406",298205,0,0,0,4,1,413884,658393,160750549,0,1,24,0.5,0,1,0
"407",298214,0,0,0,8,0,413884,658393,161049886,0,2,24,1,1,1,0
"408",298216,0,0,0,4,1,413884,658393,160925596,0,1,24,0.75,1,1,0
"409",298217,0,0,0,8,1,413884,658393,161065820,0,1,24,0.5,0,1,0
"410",298362,0,0,0,6,1,413884,658393,160884641,0,1,24,0.5,0,1,0
"411",298363,0,0,0,4,1,413884,658393,160779130,0,1,24,1,1,1,0
"412",298365,0,0,0,4,1,413884,658393,160925734,0,1,24,1,1,1,0
"413",298367,0,0,0,4,1,413884,658393,160756812,0,1,24,0.5,0,1,0
"414",298368,0,0,0,4,1,413884,658393,161062747,0,1,24,1,1,1,0
"415",298370,0,0,0,4,1,413884,658393,161070118,0,1,24,1,1,1,0
"416",298376,0,0,0,6,1,413884,658393,161042510,0,1,24,0.25,0,1,0
"417",298377,0,0,0,16,1,413884,658393,160763192,0,1,24,0.75,1,0,0
"418",298378,0,0,0,4,1,413884,658393,160776742,0,1,24,1,1,1,0
"419",298932,0,0,0,29,0,413884,658393,160917135,4,5,24,0.25,0,0,0
"420",299413,0,0,0,7,1,413884,658393,161004126,0,1,24,0.5,1,0,0
"421",299414,0,0,0,7,1,413884,658393,161504613,0,1,24,0.75,0,1,0
"422",299417,0,0,0,17,0,413884,658393,161199033,4,6,24,0.25,0,0,0
"423",299424,0,0,0,6,1,413884,658393,161172694,0,1,24,1,0,1,0
"424",299427,0,0,0,16,1,413884,658393,161172350,0,1,24,1,0,0,0
"425",299428,0,0,0,4,1,413884,658393,160987328,0,1,24,0.5,1,1,0
"426",299472,0,0,0,10,1,413884,658393,161131290,0,1,24,1,1,0,0
"427",299475,0,0,0,7,1,413884,658393,161207647,0,1,24,1,1,0,0
"428",299478,0,0,0,10,1,413884,658393,161268663,0,1,24,1,0,0,0
"429",299480,0,0,0,4,1,413884,658393,160931194,0,1,24,0.75,1,1,0
"430",299482,0,0,0,10,0,413884,658393,161018824,0,2,24,0.75,0,0,0
"431",299485,0,0,0,10,1,413884,658393,161155479,0,1,24,0.75,0,0,0
"432",299487,0,0,0,8,0,413884,658393,161192789,1,3,24,0.75,1,1,0
"433",299492,0,0,0,6,1,413884,658393,161155846,0,1,24,0.25,0,1,0
"434",299493,0,0,0,12,0,413884,658393,161268811,4,9,24,0.5,1,1,0
"435",299620,0,0,0,6,0,413884,658393,161161775,5,5,24,0.25,0,1,0
"436",299627,0,0,0,4,1,413884,658393,160948396,0,1,24,1,1,1,0
"437",299632,0,0,0,4,1,413884,658393,160947918,0,1,24,1,1,1,0
"438",299633,0,0,0,10,1,413884,658393,160949357,0,1,24,0.5,0,0,0
"439",299638,0,0,0,4,1,413884,658393,160948185,0,1,24,1,1,1,0
"440",299641,0,0,0,12,0,413884,658393,160948208,0,2,24,0.75,1,1,0
"441",299702,0,0,0,23,1,413884,658393,161137270,0,1,24,0.5,0,1,0
"442",299703,0,0,0,10,0,413884,658393,160943635,1,4,24,1,1,1,0
"443",299706,0,0,0,12,0,413884,658393,161206632,5,2,24,0.75,0,1,0
"444",299707,0,0,0,21,0,413884,658393,161126016,0,4,24,1,0,1,0
"445",299709,0,0,0,18,0,413884,658393,161048528,1,3,24,0.5,0,1,0
"446",299710,0,0,0,6,1,413884,658393,161068610,0,1,24,1,0,1,0
"447",299711,0,0,0,4,1,413884,658393,161133306,0,1,24,1,1,1,0
"448",299719,0,0,0,4,1,413884,658393,160943550,0,1,24,1,1,1,0
"449",299727,0,0,0,10,0,413884,658393,161112044,5,5,24,0.5,0,1,0
"450",300440,0,0,0,6,1,413884,658393,160988102,0,1,24,1,0,1,0
"451",300489,0,0,0,13,1,413884,658393,161324925,0,1,24,1,0,0,0
"452",301725,0,0,0,7,1,413884,658393,161061490,0,1,24,0.75,1,0,0
